<?xml version="1.0"?>
<!-- Settings for API (id:2101) -->
<!-- Eplan Software & Service GmbH & Co. KG. -->
<!-- Generated by EWS at 15.07.2015 07:06:38 -->
<Settings>
  <FeatureSize>
    <Size Feature="Sys.Help_CHM">27698557</Size>
    <Size Feature="Sys.Wiz">443640</Size>
    <Size Feature="Sys.Help_VS">59770526</Size>
  </FeatureSize>
  <ProductInfo>
    <Info Name="InternalName">API</Info>
    <Info Name="InternalId">2101</Info>
    <Info Name="ExternalName">API-Support</Info>
    <Info Name="RegistryPath">API-Support</Info>
    <Info Name="Company">EPLAN</Info>
    <Info Name="ProductName">EPLAN API-Support 2.5 (x64)</Info>
    <Info Name="PackageName">EPLAN API-Support 2.5 (x64).msi</Info>
    <Info Name="ProductCode">{90646E9A-F2F9-46AF-9F05-DD58EE2F49DA}</Info>
    <Info Name="ProductVersion">2.5.4.9380</Info>
    <Info Name="ProductLogo">
    </Info>
    <Info Name="IsTrial">false</Info>
    <Info Name="TargetSystem">x64</Info>
    <Info Name="PackageSize">87912723;0</Info>
    <Info Name="FileSize">3616768</Info>
    <Info Name="CompanyLogo">EPLAN-Logo.png</Info>
    <Info Name="CompanyLogoBack">Logo-Background.png</Info>
    <Info Name="CompanyLong">EPLAN Software &amp; Service GmbH &amp; Co. KG</Info>
  </ProductInfo>
  <ProductComponents>
    <Component Type="99" Name="ProductSubdir">API-Support (x64)</Component>
  </ProductComponents>
  <ExportedProperties>
    <Property Name="ESS_CMDDATAROOT" Visibility="true" Type="200">ProgramData;PUBLIC</Property>
  </ExportedProperties>
</Settings>